cluster,vol_chg_rate,volume_ma20_ratio,daily_return,volatility_5d,drawdown_after_peak_5d,upper_shadow_ratio,body_ratio,upper_shadow_streak_5d
0,-0.11603831016729503,0.6326334351752951,-2.3560114421439637,5.472157155470762,4.493032556284316,-0.20999531788188222,0.05692038436700325,0.09056501264461904
1,2.6269820672316593,3.6689686942453994,1.0368791857307744,1.7575101295494764,2.1704358250886875,1.3510194033727991,-0.2456091254316353,0.8086039295909819
2,1.0130373077033383,1.623421959578819,5.500069913107386,5.820506682645097,0.48062072876275463,-0.7186029344367545,0.18941846226540923,-0.45921549712556625
3,4.115322513063534,4.5168894805462125,5.4935669136341065,3.7904457276536934,-0.04486775827105062,-0.1543411945442805,0.21204010943830137,-0.07848894255603225
