cluster,vol_chg_rate,volume_ma20_ratio,daily_return,volatility_5d,drawdown_after_peak_5d,upper_shadow_ratio,body_ratio,upper_shadow_streak_5d
0,-0.20345627159769908,-0.12142530508904006,-0.8214777735752565,1.0615014039816777,1.6456227782114232,-0.12640125411834435,0.3929993311482654,-0.021139264218494568
1,2.28073279880847,2.6560515578161135,1.8385882899295127,1.2697012116146513,0.09031647645876056,0.09063678093192899,0.11330112547191362,-0.11969892724649385
2,-0.22234476023898117,-0.2824916346992149,-0.045156563007346315,-0.36336503660292824,-0.3460590792941315,0.0152935158991907,-0.09325577785089591,0.01815809773974154
