cluster,vol_chg_rate,volume_ma20_ratio,daily_return,volatility_5d,drawdown_after_peak_5d,upper_shadow_ratio,body_ratio,upper_shadow_streak_5d
0,-0.05354735745723331,0.09632900419993225,-1.0437217965664136,1.9976858571397442,2.2198353151194357,-0.16694385220473124,0.3328682990924339,-0.05407765170422095
1,3.4927588669713563,4.6313184562965235,2.7950383568953803,2.32335202313184,0.32804397731523943,0.06148518447963981,0.08464374175700791,-0.15488807117298542
2,-0.08051163551344233,-0.16665576288325581,0.07659283407432788,-0.23109041326878696,-0.2027398917352031,-0.017812388630516256,-0.09866989719858091,-0.013882876059541393
