cluster,vol_chg_rate,volume_ma20_ratio,daily_return,volatility_5d,drawdown_after_peak_5d,upper_shadow_ratio,body_ratio,upper_shadow_streak_5d
1,0.3674441320937916,0.4191845888043695,1.7975965810970276,1.011357172990248,-0.8379043152077545,-0.23051819492058642,-0.5597396251160008,-0.41616722409032864
2,-0.8328055544692134,-0.7316665315443766,-0.8787124580781344,1.6292984402442066,0.8216613113685863,-0.22498603852860422,-0.5828361336725272,-0.1597734898599085
