cluster,vol_chg_rate,volume_ma20_ratio,daily_return,volatility_5d,drawdown_after_peak_5d,upper_shadow_ratio,body_ratio,upper_shadow_streak_5d
0,0.7387578575626629,0.7057081077434801,0.6992131518988037,0.07363737907469117,-0.8425239832070813,-0.03786675268523905,-0.4943333878666433,-0.21509566082010126
1,-0.9071163345231523,-1.1295351460196112,-0.3697531395619495,-1.3061340756543887,1.1098312788073608,0.5061061133774811,1.8290780577130223,0.8605425466928739
2,-0.6794064083049488,-0.4428764101996312,-1.0261573042609875,0.8851364564190091,0.7158161995014158,-0.3254101169791726,-0.503234705908121,-0.26965551893569806
