cluster,vol_chg_rate,volume_ma20_ratio,daily_return,volatility_5d,drawdown_after_peak_5d,upper_shadow_ratio,body_ratio,upper_shadow_streak_5d
0,4.446276380078696,4.362441379089967,0.06592370017521423,0.05583555812416123,0.0545357249685716,0.33027319846285286,0.6210913242098842,1.5391644908616189
1,0.16114319817434222,1.0599423669771868,4.7394327576050785e-05,0.0005958488730144452,0.23330986091428696,0.4855582326380664,4.724504769917883,2.8683385579937304
2,0.753999787929861,2.2955768214585146,-0.04040428488701113,0.08832425249193668,0.1972305126916571,0.24818972714115817,0.6053705666120796,1.4717444717444716
